clueweb12-0000tw-00-00000	9	/m/038ts
clueweb12-0000tw-00-00000	WordPress	/m/0k23c
clueweb12-0000tw-00-00001	9	/m/038ts
clueweb12-0000tw-00-00001	WordPress	/m/0k23c
clueweb12-0000tw-00-00002	9	/m/038ts
clueweb12-0000tw-00-00002	WordPress	/m/0k23c
clueweb12-0000tw-00-00003	9	/m/038ts
clueweb12-0000tw-00-00003	WordPress	/m/0k23c
clueweb12-0000tw-00-00004	9	/m/038ts
clueweb12-0000tw-00-00004	WordPress	/m/0k23c
clueweb12-0000tw-00-00005	XML-RPC	/m/0kx02
clueweb12-0000tw-00-00007	 Home	/m/0kv1l7
clueweb12-0000tw-00-00007	Christ	/m/01lk9
clueweb12-0000tw-00-00007	Maggie	/m/03_wpf
clueweb12-0000tw-00-00007	Savior	/m/045m1_
clueweb12-0000tw-00-00007	Noel	/m/0pch120
clueweb12-0000tw-00-00007	Michelle	/m/0263s5_
clueweb12-0000tw-00-00007	Michelle	/m/0263s5_
clueweb12-0000tw-00-00007	Frank	/m/02_fj
clueweb12-0000tw-00-00007	Frank	/m/02_fj
clueweb12-0000tw-00-00007	 Friends	/m/06ds9k4
clueweb12-0000tw-00-00008	 Home	/m/0kv1l7
clueweb12-0000tw-00-00008	Christ	/m/01lk9
clueweb12-0000tw-00-00008	NKJV	/m/02nsvk
clueweb12-0000tw-00-00008	 Friends	/m/06ds9k4
clueweb12-0000tw-00-00009	 Home	/m/0kv1l7
clueweb12-0000tw-00-00009	Christ	/m/01lk9
clueweb12-0000tw-00-00009	Disney	/m/0f3wvt
clueweb12-0000tw-00-00009	Disney	/m/0f3wvt
clueweb12-0000tw-00-00009	 Friends	/m/06ds9k4
clueweb12-0000tw-00-00011	XML-RPC	/m/0kx02
clueweb12-0000tw-00-00012	Password	/m/027wwx1
clueweb12-0000tw-00-00012	Cart	/m/019plg
clueweb12-0000tw-00-00013	Ovarian Cancer	/m/080q7fb
clueweb12-0000tw-00-00013	Breast Cancer	/m/0j8hd
clueweb12-0000tw-00-00013	Bladder Cancer	/m/01bcp7
clueweb12-0000tw-00-00013	Bone Cancer	/m/01t125
clueweb12-0000tw-00-00013	Brain Cancer	/m/09969
clueweb12-0000tw-00-00013	Breast Cancer	/m/0j8hd
clueweb12-0000tw-00-00013	Cancer Information	/m/08fcwk
clueweb12-0000tw-00-00013	Cervical	/m/0d_bk
clueweb12-0000tw-00-00013	Cheap	/m/0g67q2n
clueweb12-0000tw-00-00013	Dental	/m/03wjn6
clueweb12-0000tw-00-00013	Mouth	/m/01rzx8y
clueweb12-0000tw-00-00013	Ovarian Cancer	/m/080q7fb
clueweb12-0000tw-00-00013	Testicular Cancer	/m/01rt5h
clueweb12-0000tw-00-00013	Thyroid Cancer	/m/011wk5
clueweb12-0000tw-00-00013	United	/m/091zcg
clueweb12-0000tw-00-00013	Search	/m/02wvbrv
clueweb12-0000tw-00-00013	Breast Cancer	/m/0j8hd
clueweb12-0000tw-00-00014	Ovarian Cancer	/m/080q7fb
clueweb12-0000tw-00-00014	Breast Cancer	/m/0j8hd
clueweb12-0000tw-00-00014	Kaposi	/m/0bqpg
clueweb12-0000tw-00-00014	Bladder Cancer	/m/01bcp7
clueweb12-0000tw-00-00014	Bone Cancer	/m/01t125
clueweb12-0000tw-00-00014	Brain Cancer	/m/09969
clueweb12-0000tw-00-00014	Breast Cancer	/m/0j8hd
clueweb12-0000tw-00-00014	Cancer Information	/m/08fcwk
clueweb12-0000tw-00-00014	Cervical	/m/0d_bk
clueweb12-0000tw-00-00014	Cheap	/m/0g67q2n
clueweb12-0000tw-00-00014	Dental	/m/03wjn6
clueweb12-0000tw-00-00014	Mouth	/m/01rzx8y
clueweb12-0000tw-00-00014	Ovarian Cancer	/m/080q7fb
clueweb12-0000tw-00-00014	Testicular Cancer	/m/01rt5h
clueweb12-0000tw-00-00014	Thyroid Cancer	/m/011wk5
clueweb12-0000tw-00-00014	United	/m/091zcg
clueweb12-0000tw-00-00014	Search	/m/02wvbrv
clueweb12-0000tw-00-00014	Breast Cancer	/m/0j8hd
clueweb12-0000tw-00-00015	Ovarian Cancer	/m/080q7fb
clueweb12-0000tw-00-00015	Breast Cancer	/m/0j8hd
clueweb12-0000tw-00-00015	Bladder Cancer	/m/01bcp7
clueweb12-0000tw-00-00015	Bone Cancer	/m/01t125
clueweb12-0000tw-00-00015	Brain Cancer	/m/09969
clueweb12-0000tw-00-00015	Breast Cancer	/m/0j8hd
clueweb12-0000tw-00-00015	Cancer Information	/m/08fcwk
clueweb12-0000tw-00-00015	Cervical	/m/0d_bk
clueweb12-0000tw-00-00015	Cheap	/m/0g67q2n
clueweb12-0000tw-00-00015	Dental	/m/03wjn6
clueweb12-0000tw-00-00015	Mouth	/m/01rzx8y
clueweb12-0000tw-00-00015	Ovarian Cancer	/m/080q7fb
clueweb12-0000tw-00-00015	Testicular Cancer	/m/01rt5h
clueweb12-0000tw-00-00015	Thyroid Cancer	/m/011wk5
clueweb12-0000tw-00-00015	United	/m/091zcg
clueweb12-0000tw-00-00015	Search	/m/02wvbrv
clueweb12-0000tw-00-00015	Breast Cancer	/m/0j8hd
clueweb12-0000tw-00-00016	Ovarian Cancer	/m/080q7fb
clueweb12-0000tw-00-00016	Breast Cancer	/m/0j8hd
clueweb12-0000tw-00-00016	Bladder Cancer	/m/01bcp7
clueweb12-0000tw-00-00016	Bone Cancer	/m/01t125
clueweb12-0000tw-00-00016	Brain Cancer	/m/09969
clueweb12-0000tw-00-00016	Breast Cancer	/m/0j8hd
clueweb12-0000tw-00-00016	Cancer Information	/m/08fcwk
clueweb12-0000tw-00-00016	Cervical	/m/0d_bk
clueweb12-0000tw-00-00016	Cheap	/m/0g67q2n
clueweb12-0000tw-00-00016	Dental	/m/03wjn6
clueweb12-0000tw-00-00016	Mouth	/m/01rzx8y
clueweb12-0000tw-00-00016	Ovarian Cancer	/m/080q7fb
clueweb12-0000tw-00-00016	Testicular Cancer	/m/01rt5h
clueweb12-0000tw-00-00016	Thyroid Cancer	/m/011wk5
clueweb12-0000tw-00-00016	United	/m/091zcg
clueweb12-0000tw-00-00016	Search	/m/02wvbrv
clueweb12-0000tw-00-00016	Breast Cancer	/m/0j8hd
clueweb12-0000tw-00-00017	Ovarian Cancer	/m/080q7fb
clueweb12-0000tw-00-00017	Breast Cancer	/m/0j8hd
clueweb12-0000tw-00-00017	Bladder Cancer	/m/01bcp7
clueweb12-0000tw-00-00017	Bone Cancer	/m/01t125
clueweb12-0000tw-00-00017	Brain Cancer	/m/09969
clueweb12-0000tw-00-00017	Breast Cancer	/m/0j8hd
clueweb12-0000tw-00-00017	Cancer Information	/m/08fcwk
clueweb12-0000tw-00-00017	Cervical	/m/0d_bk
clueweb12-0000tw-00-00017	Cheap	/m/0g67q2n
clueweb12-0000tw-00-00017	Dental	/m/03wjn6
clueweb12-0000tw-00-00017	Mouth	/m/01rzx8y
clueweb12-0000tw-00-00017	Ovarian Cancer	/m/080q7fb
clueweb12-0000tw-00-00017	Testicular Cancer	/m/01rt5h
clueweb12-0000tw-00-00017	Thyroid Cancer	/m/011wk5
clueweb12-0000tw-00-00017	United	/m/091zcg
clueweb12-0000tw-00-00017	Search	/m/02wvbrv
clueweb12-0000tw-00-00017	Breast Cancer	/m/0j8hd
clueweb12-0000tw-00-00018	Ovarian Cancer	/m/080q7fb
clueweb12-0000tw-00-00018	Breast Cancer	/m/0j8hd
clueweb12-0000tw-00-00018	Bladder Cancer	/m/01bcp7
clueweb12-0000tw-00-00018	Bone Cancer	/m/01t125
clueweb12-0000tw-00-00018	Brain Cancer	/m/09969
clueweb12-0000tw-00-00018	Breast Cancer	/m/0j8hd
clueweb12-0000tw-00-00018	Cancer Information	/m/08fcwk
clueweb12-0000tw-00-00018	Cervical	/m/0d_bk
clueweb12-0000tw-00-00018	Cheap	/m/0g67q2n
clueweb12-0000tw-00-00018	Dental	/m/03wjn6
clueweb12-0000tw-00-00018	Esophageal Cancer	/m/01k9gb
clueweb12-0000tw-00-00018	Mouth	/m/01rzx8y
clueweb12-0000tw-00-00018	Ovarian Cancer	/m/080q7fb
clueweb12-0000tw-00-00018	Testicular Cancer	/m/01rt5h
clueweb12-0000tw-00-00018	Thyroid Cancer	/m/011wk5
clueweb12-0000tw-00-00018	Treatment of Cancer	/m/09gfv0s
clueweb12-0000tw-00-00018	United	/m/091zcg
clueweb12-0000tw-00-00018	Breast Cancer	/m/0j8hd
clueweb12-0000tw-00-00018	Search	/m/02wvbrv
clueweb12-0000tw-00-00018	Breast Cancer	/m/0j8hd
clueweb12-0000tw-00-00019	Ovarian Cancer	/m/080q7fb
clueweb12-0000tw-00-00019	Breast Cancer	/m/0j8hd
clueweb12-0000tw-00-00019	State	/m/04y847h
clueweb12-0000tw-00-00019	Center	/m/0dmg6m
clueweb12-0000tw-00-00019	CDC	/m/07988f
clueweb12-0000tw-00-00019	Healthcare	/m/03k_bf
clueweb12-0000tw-00-00019	Healthcare	/m/03k_bf
clueweb12-0000tw-00-00019	NIMH	/m/05pt7g
clueweb12-0000tw-00-00019	State	/m/04y847h
clueweb12-0000tw-00-00019	Bladder Cancer	/m/01bcp7
clueweb12-0000tw-00-00019	Bone Cancer	/m/01t125
clueweb12-0000tw-00-00019	Brain Cancer	/m/09969
clueweb12-0000tw-00-00019	Breast Cancer	/m/0j8hd
clueweb12-0000tw-00-00019	Cancer Information	/m/08fcwk
clueweb12-0000tw-00-00019	Cervical	/m/0d_bk
clueweb12-0000tw-00-00019	Cheap	/m/0g67q2n
clueweb12-0000tw-00-00019	Dental	/m/03wjn6
clueweb12-0000tw-00-00019	Esophageal Cancer	/m/01k9gb
clueweb12-0000tw-00-00019	Mouth	/m/01rzx8y
clueweb12-0000tw-00-00019	Ovarian Cancer	/m/080q7fb
clueweb12-0000tw-00-00019	Testicular Cancer	/m/01rt5h
clueweb12-0000tw-00-00019	Thyroid Cancer	/m/011wk5
clueweb12-0000tw-00-00019	Treatment of Cancer	/m/09gfv0s
clueweb12-0000tw-00-00019	United	/m/091zcg
clueweb12-0000tw-00-00019	Breast Cancer	/m/0j8hd
clueweb12-0000tw-00-00019	Search	/m/02wvbrv
clueweb12-0000tw-00-00019	Breast Cancer	/m/0j8hd
clueweb12-0000tw-00-00020	Ovarian Cancer	/m/080q7fb
clueweb12-0000tw-00-00020	Breast Cancer	/m/0j8hd
clueweb12-0000tw-00-00020	Bachelors	/m/01tjw4k
clueweb12-0000tw-00-00020	Bladder Cancer	/m/01bcp7
clueweb12-0000tw-00-00020	Bone Cancer	/m/01t125
clueweb12-0000tw-00-00020	Brain Cancer	/m/09969
clueweb12-0000tw-00-00020	Breast Cancer	/m/0j8hd
clueweb12-0000tw-00-00020	Cancer Information	/m/08fcwk
clueweb12-0000tw-00-00020	Cervical	/m/0d_bk
clueweb12-0000tw-00-00020	Cheap	/m/0g67q2n
clueweb12-0000tw-00-00020	Dental	/m/03wjn6
clueweb12-0000tw-00-00020	Esophageal Cancer	/m/01k9gb
clueweb12-0000tw-00-00020	Mouth	/m/01rzx8y
clueweb12-0000tw-00-00020	Ovarian Cancer	/m/080q7fb
clueweb12-0000tw-00-00020	Testicular Cancer	/m/01rt5h
clueweb12-0000tw-00-00020	Thyroid Cancer	/m/011wk5
clueweb12-0000tw-00-00020	Treatment of Cancer	/m/09gfv0s
clueweb12-0000tw-00-00020	United	/m/091zcg
clueweb12-0000tw-00-00020	Breast Cancer	/m/0j8hd
clueweb12-0000tw-00-00020	Search	/m/02wvbrv
clueweb12-0000tw-00-00020	Breast Cancer	/m/0j8hd
clueweb12-0000tw-00-00021	Ovarian Cancer	/m/080q7fb
clueweb12-0000tw-00-00021	Breast Cancer	/m/0j8hd
clueweb12-0000tw-00-00021	Bladder Cancer	/m/01bcp7
clueweb12-0000tw-00-00021	Bone Cancer	/m/01t125
clueweb12-0000tw-00-00021	Brain Cancer	/m/09969
clueweb12-0000tw-00-00021	Breast Cancer	/m/0j8hd
clueweb12-0000tw-00-00021	Cancer Information	/m/08fcwk
clueweb12-0000tw-00-00021	Cervical	/m/0d_bk
clueweb12-0000tw-00-00021	Cheap	/m/0g67q2n
clueweb12-0000tw-00-00021	Dental	/m/03wjn6
clueweb12-0000tw-00-00021	Esophageal Cancer	/m/01k9gb
clueweb12-0000tw-00-00021	Mouth	/m/01rzx8y
clueweb12-0000tw-00-00021	Ovarian Cancer	/m/080q7fb
clueweb12-0000tw-00-00021	Testicular Cancer	/m/01rt5h
clueweb12-0000tw-00-00021	Thyroid Cancer	/m/011wk5
clueweb12-0000tw-00-00021	Treatment of Cancer	/m/09gfv0s
clueweb12-0000tw-00-00021	United	/m/091zcg
clueweb12-0000tw-00-00021	Breast Cancer	/m/0j8hd
clueweb12-0000tw-00-00021	Search	/m/02wvbrv
clueweb12-0000tw-00-00021	Breast Cancer	/m/0j8hd
clueweb12-0000tw-00-00022	Ovarian Cancer	/m/080q7fb
clueweb12-0000tw-00-00022	Breast Cancer	/m/0j8hd
clueweb12-0000tw-00-00022	Care	/m/0g9z879
clueweb12-0000tw-00-00022	Household	/m/019dx1
clueweb12-0000tw-00-00022	Household	/m/019dx1
clueweb12-0000tw-00-00022	Nurses	/m/03f0h3j
clueweb12-0000tw-00-00022	Bladder Cancer	/m/01bcp7
clueweb12-0000tw-00-00022	Bone Cancer	/m/01t125
clueweb12-0000tw-00-00022	Brain Cancer	/m/09969
clueweb12-0000tw-00-00022	Breast Cancer	/m/0j8hd
clueweb12-0000tw-00-00022	Cancer Information	/m/08fcwk
clueweb12-0000tw-00-00022	Cervical	/m/0d_bk
clueweb12-0000tw-00-00022	Cheap	/m/0g67q2n
clueweb12-0000tw-00-00022	Dental	/m/03wjn6
clueweb12-0000tw-00-00022	Esophageal Cancer	/m/01k9gb
clueweb12-0000tw-00-00022	Mouth	/m/01rzx8y
clueweb12-0000tw-00-00022	Ovarian Cancer	/m/080q7fb
clueweb12-0000tw-00-00022	Testicular Cancer	/m/01rt5h
clueweb12-0000tw-00-00022	Thyroid Cancer	/m/011wk5
clueweb12-0000tw-00-00022	Treatment of Cancer	/m/09gfv0s
clueweb12-0000tw-00-00022	United	/m/091zcg
clueweb12-0000tw-00-00022	Breast Cancer	/m/0j8hd
clueweb12-0000tw-00-00022	Search	/m/02wvbrv
clueweb12-0000tw-00-00022	Breast Cancer	/m/0j8hd
clueweb12-0000tw-00-00023	Ovarian Cancer	/m/080q7fb
clueweb12-0000tw-00-00023	Breast Cancer	/m/0j8hd
clueweb12-0000tw-00-00023	Bladder Cancer	/m/01bcp7
clueweb12-0000tw-00-00023	Bone Cancer	/m/01t125
clueweb12-0000tw-00-00023	Brain Cancer	/m/09969
clueweb12-0000tw-00-00023	Breast Cancer	/m/0j8hd
clueweb12-0000tw-00-00023	Cancer Information	/m/08fcwk
clueweb12-0000tw-00-00023	Cervical	/m/0d_bk
clueweb12-0000tw-00-00023	Cheap	/m/0g67q2n
clueweb12-0000tw-00-00023	Dental	/m/03wjn6
clueweb12-0000tw-00-00023	Esophageal Cancer	/m/01k9gb
clueweb12-0000tw-00-00023	Mouth	/m/01rzx8y
clueweb12-0000tw-00-00023	Ovarian Cancer	/m/080q7fb
clueweb12-0000tw-00-00023	Testicular Cancer	/m/01rt5h
clueweb12-0000tw-00-00023	Thyroid Cancer	/m/011wk5
clueweb12-0000tw-00-00023	Treatment of Cancer	/m/09gfv0s
clueweb12-0000tw-00-00023	United	/m/091zcg
clueweb12-0000tw-00-00023	Breast Cancer	/m/0j8hd
clueweb12-0000tw-00-00023	Search	/m/02wvbrv
clueweb12-0000tw-00-00023	Breast Cancer	/m/0j8hd
clueweb12-0000tw-00-00024	Ovarian Cancer	/m/080q7fb
clueweb12-0000tw-00-00024	Breast Cancer	/m/0j8hd
clueweb12-0000tw-00-00024	Bladder Cancer	/m/01bcp7
clueweb12-0000tw-00-00024	Bone Cancer	/m/01t125
clueweb12-0000tw-00-00024	Brain Cancer	/m/09969
clueweb12-0000tw-00-00024	Breast Cancer	/m/0j8hd
clueweb12-0000tw-00-00024	Cancer Information	/m/08fcwk
clueweb12-0000tw-00-00024	Cervical	/m/0d_bk
clueweb12-0000tw-00-00024	Cheap	/m/0g67q2n
clueweb12-0000tw-00-00024	Dental	/m/03wjn6
clueweb12-0000tw-00-00024	Esophageal Cancer	/m/01k9gb
clueweb12-0000tw-00-00024	Mouth	/m/01rzx8y
clueweb12-0000tw-00-00024	Ovarian Cancer	/m/080q7fb
clueweb12-0000tw-00-00024	Testicular Cancer	/m/01rt5h
clueweb12-0000tw-00-00024	Thyroid Cancer	/m/011wk5
clueweb12-0000tw-00-00024	Treatment of Cancer	/m/09gfv0s
clueweb12-0000tw-00-00024	United	/m/091zcg
clueweb12-0000tw-00-00024	Breast Cancer	/m/0j8hd
clueweb12-0000tw-00-00024	Search	/m/02wvbrv
clueweb12-0000tw-00-00024	Breast Cancer	/m/0j8hd
clueweb12-0000tw-00-00025	Ovarian Cancer	/m/080q7fb
clueweb12-0000tw-00-00025	Breast Cancer	/m/0j8hd
clueweb12-0000tw-00-00025	Boomers	/m/03c9gn8
clueweb12-0000tw-00-00025	House	/m/05s1bw
clueweb12-0000tw-00-00025	Health Care Technology	/m/06lvk90
clueweb12-0000tw-00-00025	Bladder Cancer	/m/01bcp7
clueweb12-0000tw-00-00025	Bone Cancer	/m/01t125
clueweb12-0000tw-00-00025	Brain Cancer	/m/09969
clueweb12-0000tw-00-00025	Breast Cancer	/m/0j8hd
clueweb12-0000tw-00-00025	Cancer Information	/m/08fcwk
clueweb12-0000tw-00-00025	Cervical	/m/0d_bk
clueweb12-0000tw-00-00025	Cheap	/m/0g67q2n
clueweb12-0000tw-00-00025	Dental	/m/03wjn6
clueweb12-0000tw-00-00025	Esophageal Cancer	/m/01k9gb
clueweb12-0000tw-00-00025	Mouth	/m/01rzx8y
clueweb12-0000tw-00-00025	Ovarian Cancer	/m/080q7fb
clueweb12-0000tw-00-00025	Private Health Care	/m/04mxky2
clueweb12-0000tw-00-00025	Testicular Cancer	/m/01rt5h
clueweb12-0000tw-00-00025	Thyroid Cancer	/m/011wk5
clueweb12-0000tw-00-00025	Treatment of Cancer	/m/09gfv0s
clueweb12-0000tw-00-00025	United	/m/091zcg
clueweb12-0000tw-00-00025	Breast Cancer	/m/0j8hd
clueweb12-0000tw-00-00025	Search	/m/02wvbrv
clueweb12-0000tw-00-00025	Breast Cancer	/m/0j8hd
clueweb12-0000tw-00-00026	Ovarian Cancer	/m/080q7fb
clueweb12-0000tw-00-00026	Breast Cancer	/m/0j8hd
clueweb12-0000tw-00-00026	Palliative Care	/m/025whv
clueweb12-0000tw-00-00026	Accident Compensation Corporation	/m/09dxbw
clueweb12-0000tw-00-00026	Ministry of Health	/m/02z9dvt
clueweb12-0000tw-00-00026	Bladder Cancer	/m/01bcp7
clueweb12-0000tw-00-00026	Bone Cancer	/m/01t125
clueweb12-0000tw-00-00026	Brain Cancer	/m/09969
clueweb12-0000tw-00-00026	Breast Cancer	/m/0j8hd
clueweb12-0000tw-00-00026	Cancer Information	/m/08fcwk
clueweb12-0000tw-00-00026	Cervical	/m/0d_bk
clueweb12-0000tw-00-00026	Cheap	/m/0g67q2n
clueweb12-0000tw-00-00026	Dental	/m/03wjn6
clueweb12-0000tw-00-00026	Esophageal Cancer	/m/01k9gb
clueweb12-0000tw-00-00026	Mouth	/m/01rzx8y
clueweb12-0000tw-00-00026	Ovarian Cancer	/m/080q7fb
clueweb12-0000tw-00-00026	Private Health Care	/m/04mxky2
clueweb12-0000tw-00-00026	Testicular Cancer	/m/01rt5h
clueweb12-0000tw-00-00026	Thyroid Cancer	/m/011wk5
clueweb12-0000tw-00-00026	Treatment of Cancer	/m/09gfv0s
clueweb12-0000tw-00-00026	United	/m/091zcg
clueweb12-0000tw-00-00026	Breast Cancer	/m/0j8hd
clueweb12-0000tw-00-00026	Search	/m/02wvbrv
clueweb12-0000tw-00-00026	Breast Cancer	/m/0j8hd
clueweb12-0000tw-00-00027	Ovarian Cancer	/m/080q7fb
clueweb12-0000tw-00-00027	Breast Cancer	/m/0j8hd
clueweb12-0000tw-00-00027	United	/m/091zcg
clueweb12-0000tw-00-00027	United	/m/091zcg
clueweb12-0000tw-00-00027	United	/m/091zcg
clueweb12-0000tw-00-00027	United HealthCare	/m/060jqm
clueweb12-0000tw-00-00027	United HealthCare	/m/060jqm
clueweb12-0000tw-00-00027	United HealthCare	/m/060jqm
clueweb12-0000tw-00-00027	United	/m/091zcg
clueweb12-0000tw-00-00027	Dental	/m/03wjn6
clueweb12-0000tw-00-00027	United	/m/091zcg
clueweb12-0000tw-00-00027	Bladder Cancer	/m/01bcp7
clueweb12-0000tw-00-00027	Bone Cancer	/m/01t125
clueweb12-0000tw-00-00027	Brain Cancer	/m/09969
clueweb12-0000tw-00-00027	Breast Cancer	/m/0j8hd
clueweb12-0000tw-00-00027	Cancer Information	/m/08fcwk
clueweb12-0000tw-00-00027	Cervical	/m/0d_bk
clueweb12-0000tw-00-00027	Cheap	/m/0g67q2n
clueweb12-0000tw-00-00027	Dental	/m/03wjn6
clueweb12-0000tw-00-00027	Esophageal Cancer	/m/01k9gb
clueweb12-0000tw-00-00027	Mouth	/m/01rzx8y
clueweb12-0000tw-00-00027	Ovarian Cancer	/m/080q7fb
clueweb12-0000tw-00-00027	Private Health Care	/m/04mxky2
clueweb12-0000tw-00-00027	Testicular Cancer	/m/01rt5h
clueweb12-0000tw-00-00027	Thyroid Cancer	/m/011wk5
clueweb12-0000tw-00-00027	Treatment of Cancer	/m/09gfv0s
clueweb12-0000tw-00-00027	United	/m/091zcg
clueweb12-0000tw-00-00027	Breast Cancer	/m/0j8hd
clueweb12-0000tw-00-00027	Search	/m/02wvbrv
clueweb12-0000tw-00-00027	Breast Cancer	/m/0j8hd
clueweb12-0000tw-00-00028	Ovarian Cancer	/m/080q7fb
clueweb12-0000tw-00-00028	Breast Cancer	/m/0j8hd
clueweb12-0000tw-00-00028	Breast	/m/01fpr
clueweb12-0000tw-00-00028	Breast	/m/01fpr
clueweb12-0000tw-00-00028	Breast Cancer	/m/0j8hd
clueweb12-0000tw-00-00028	Breast	/m/01fpr
clueweb12-0000tw-00-00028	Bladder Cancer	/m/01bcp7
clueweb12-0000tw-00-00028	Bone Cancer	/m/01t125
clueweb12-0000tw-00-00028	Brain Cancer	/m/09969
clueweb12-0000tw-00-00028	Breast Cancer	/m/0j8hd
clueweb12-0000tw-00-00028	Cancer Information	/m/08fcwk
clueweb12-0000tw-00-00028	Cervical	/m/0d_bk
clueweb12-0000tw-00-00028	Cheap	/m/0g67q2n
clueweb12-0000tw-00-00028	Dental	/m/03wjn6
clueweb12-0000tw-00-00028	Esophageal Cancer	/m/01k9gb
clueweb12-0000tw-00-00028	Mouth	/m/01rzx8y
clueweb12-0000tw-00-00028	Ovarian Cancer	/m/080q7fb
clueweb12-0000tw-00-00028	Private Health Care	/m/04mxky2
clueweb12-0000tw-00-00028	Testicular Cancer	/m/01rt5h
clueweb12-0000tw-00-00028	Thyroid Cancer	/m/011wk5
clueweb12-0000tw-00-00028	Treatment of Cancer	/m/09gfv0s
clueweb12-0000tw-00-00028	United	/m/091zcg
clueweb12-0000tw-00-00028	Breast Cancer	/m/0j8hd
clueweb12-0000tw-00-00028	Search	/m/02wvbrv
clueweb12-0000tw-00-00028	Breast Cancer	/m/0j8hd
clueweb12-0000tw-00-00029	Ovarian Cancer	/m/080q7fb
clueweb12-0000tw-00-00029	Breast Cancer	/m/0j8hd
clueweb12-0000tw-00-00029	Austin	/m/01zx8c
clueweb12-0000tw-00-00029	Bladder Cancer	/m/01bcp7
clueweb12-0000tw-00-00029	Bone Cancer	/m/01t125
clueweb12-0000tw-00-00029	Brain Cancer	/m/09969
clueweb12-0000tw-00-00029	Breast Cancer	/m/0j8hd
clueweb12-0000tw-00-00029	Cancer Information	/m/08fcwk
clueweb12-0000tw-00-00029	Cervical	/m/0d_bk
clueweb12-0000tw-00-00029	Cheap	/m/0g67q2n
clueweb12-0000tw-00-00029	Dental	/m/03wjn6
clueweb12-0000tw-00-00029	Esophageal Cancer	/m/01k9gb
clueweb12-0000tw-00-00029	Mouth	/m/01rzx8y
clueweb12-0000tw-00-00029	Ovarian Cancer	/m/080q7fb
clueweb12-0000tw-00-00029	Private Health Care	/m/04mxky2
clueweb12-0000tw-00-00029	Testicular Cancer	/m/01rt5h
clueweb12-0000tw-00-00029	Thyroid Cancer	/m/011wk5
clueweb12-0000tw-00-00029	Treatment of Cancer	/m/09gfv0s
clueweb12-0000tw-00-00029	United	/m/091zcg
clueweb12-0000tw-00-00029	Breast Cancer	/m/0j8hd
clueweb12-0000tw-00-00029	Search	/m/02wvbrv
clueweb12-0000tw-00-00029	Breast Cancer	/m/0j8hd
clueweb12-0000tw-00-00030	Ovarian Cancer	/m/080q7fb
clueweb12-0000tw-00-00030	Breast Cancer	/m/0j8hd
clueweb12-0000tw-00-00030	Uterine Cancer	/m/0259pl
clueweb12-0000tw-00-00030	Uterine Cancer	/m/0259pl
clueweb12-0000tw-00-00030	Kinds	/m/0h95prn
clueweb12-0000tw-00-00030	Uterine Cancer	/m/0259pl
clueweb12-0000tw-00-00030	Uterine Cancer	/m/0259pl
clueweb12-0000tw-00-00030	Uterine Cancer	/m/0259pl
clueweb12-0000tw-00-00030	Uterine Cancer	/m/0259pl
clueweb12-0000tw-00-00030	Uterine Cancer	/m/0259pl
clueweb12-0000tw-00-00030	Bladder Cancer	/m/01bcp7
clueweb12-0000tw-00-00030	Bone Cancer	/m/01t125
clueweb12-0000tw-00-00030	Brain Cancer	/m/09969
clueweb12-0000tw-00-00030	Breast Cancer	/m/0j8hd
clueweb12-0000tw-00-00030	Cancer Information	/m/08fcwk
clueweb12-0000tw-00-00030	Cervical	/m/0d_bk
clueweb12-0000tw-00-00030	Cheap	/m/0g67q2n
clueweb12-0000tw-00-00030	Dental	/m/03wjn6
clueweb12-0000tw-00-00030	Esophageal Cancer	/m/01k9gb
clueweb12-0000tw-00-00030	Mouth	/m/01rzx8y
clueweb12-0000tw-00-00030	Ovarian Cancer	/m/080q7fb
clueweb12-0000tw-00-00030	Private Health Care	/m/04mxky2
clueweb12-0000tw-00-00030	Testicular Cancer	/m/01rt5h
clueweb12-0000tw-00-00030	Thyroid Cancer	/m/011wk5
clueweb12-0000tw-00-00030	Treatment of Cancer	/m/09gfv0s
clueweb12-0000tw-00-00030	United	/m/091zcg
clueweb12-0000tw-00-00030	Uterine Cancer	/m/0259pl
clueweb12-0000tw-00-00030	Breast Cancer	/m/0j8hd
clueweb12-0000tw-00-00030	Search	/m/02wvbrv
clueweb12-0000tw-00-00030	Breast Cancer	/m/0j8hd
clueweb12-0000tw-00-00031	Ovarian Cancer	/m/080q7fb
clueweb12-0000tw-00-00031	Breast Cancer	/m/0j8hd
clueweb12-0000tw-00-00031	Leukemia	/m/04klgd9
clueweb12-0000tw-00-00031	Leukemia	/m/04klgd9
clueweb12-0000tw-00-00031	Leukemia	/m/04klgd9
clueweb12-0000tw-00-00031	Lymphoma	/m/0jdk0
clueweb12-0000tw-00-00031	Hodgkin	/m/05vj3vk
clueweb12-0000tw-00-00031	Bladder Cancer	/m/01bcp7
clueweb12-0000tw-00-00031	Bone Cancer	/m/01t125
clueweb12-0000tw-00-00031	Brain Cancer	/m/09969
clueweb12-0000tw-00-00031	Breast Cancer	/m/0j8hd
clueweb12-0000tw-00-00031	Cancer Information	/m/08fcwk
clueweb12-0000tw-00-00031	Cervical	/m/0d_bk
clueweb12-0000tw-00-00031	Cheap	/m/0g67q2n
clueweb12-0000tw-00-00031	Dental	/m/03wjn6
clueweb12-0000tw-00-00031	Esophageal Cancer	/m/01k9gb
clueweb12-0000tw-00-00031	Mouth	/m/01rzx8y
clueweb12-0000tw-00-00031	Ovarian Cancer	/m/080q7fb
clueweb12-0000tw-00-00031	Private Health Care	/m/04mxky2
clueweb12-0000tw-00-00031	Testicular Cancer	/m/01rt5h
clueweb12-0000tw-00-00031	Thyroid Cancer	/m/011wk5
clueweb12-0000tw-00-00031	Treatment of Cancer	/m/09gfv0s
clueweb12-0000tw-00-00031	United	/m/091zcg
clueweb12-0000tw-00-00031	Uterine Cancer	/m/0259pl
clueweb12-0000tw-00-00031	Breast Cancer	/m/0j8hd
clueweb12-0000tw-00-00031	Search	/m/02wvbrv
clueweb12-0000tw-00-00031	Breast Cancer	/m/0j8hd
clueweb12-0000tw-00-00032	XML-RPC	/m/0kx02
clueweb12-0000tw-00-00033	Possible	/m/03bvpq
clueweb12-0000tw-00-00033	NYSE	/m/02rz2zz
clueweb12-0000tw-00-00033	NYSE	/m/02rz2zz
clueweb12-0000tw-00-00033	CNN	/m/03m3wyd
clueweb12-0000tw-00-00033	CNNMoney	/m/03m3wyd
clueweb12-0000tw-00-00033	AP	/m/0cv_2
clueweb12-0000tw-00-00033	Richard Drew	/m/0c14fp
clueweb12-0000tw-00-00033	AP	/m/0cv_2
clueweb12-0000tw-00-00033	Student	/m/0fwxqd
clueweb12-0000tw-00-00033	Los Angeles Times	/m/01p06z
clueweb12-0000tw-00-00033	Ball State Daily News	/m/04y6_h5
clueweb12-0000tw-00-00033	Themes	/m/05cghg
clueweb12-0000tw-00-00033	WordPress	/m/0k23c
clueweb12-0000tw-00-00034	Possible	/m/03bvpq
clueweb12-0000tw-00-00034	NYSE	/m/02rz2zz
clueweb12-0000tw-00-00034	NYSE	/m/02rz2zz
clueweb12-0000tw-00-00034	the Bank of England	/m/05hk6h
clueweb12-0000tw-00-00034	Student	/m/0fwxqd
clueweb12-0000tw-00-00034	Los Angeles Times	/m/01p06z
clueweb12-0000tw-00-00034	Ball State Daily News	/m/04y6_h5
clueweb12-0000tw-00-00034	Themes	/m/05cghg
clueweb12-0000tw-00-00034	WordPress	/m/0k23c
clueweb12-0000tw-00-00035	Possible	/m/03bvpq
clueweb12-0000tw-00-00035	NYSE	/m/02rz2zz
clueweb12-0000tw-00-00035	NYSE	/m/02rz2zz
clueweb12-0000tw-00-00035	CNNMoney	/m/03m3wyd
clueweb12-0000tw-00-00035	First Solar	/m/02r5t91
clueweb12-0000tw-00-00035	Student	/m/0fwxqd
clueweb12-0000tw-00-00035	Los Angeles Times	/m/01p06z
clueweb12-0000tw-00-00035	Ball State Daily News	/m/04y6_h5
clueweb12-0000tw-00-00035	Themes	/m/05cghg
clueweb12-0000tw-00-00035	WordPress	/m/0k23c
clueweb12-0000tw-00-00036	Possible	/m/03bvpq
clueweb12-0000tw-00-00036	NYSE	/m/02rz2zz
clueweb12-0000tw-00-00036	NYSE	/m/02rz2zz
clueweb12-0000tw-00-00036	Angeles Times	/m/01p06z
clueweb12-0000tw-00-00036	Student	/m/0fwxqd
clueweb12-0000tw-00-00036	Los Angeles Times	/m/01p06z
clueweb12-0000tw-00-00036	Ball State Daily News	/m/04y6_h5
clueweb12-0000tw-00-00036	Themes	/m/05cghg
clueweb12-0000tw-00-00036	WordPress	/m/0k23c
clueweb12-0000tw-00-00037	Possible	/m/03bvpq
clueweb12-0000tw-00-00037	NYSE	/m/02rz2zz
clueweb12-0000tw-00-00037	NYSE	/m/02rz2zz
clueweb12-0000tw-00-00037	Deutsche Boerse	/m/063dyk
clueweb12-0000tw-00-00037	NYSE	/m/02rz2zz
clueweb12-0000tw-00-00037	Student	/m/0fwxqd
clueweb12-0000tw-00-00037	Los Angeles Times	/m/01p06z
clueweb12-0000tw-00-00037	Ball State Daily News	/m/04y6_h5
clueweb12-0000tw-00-00037	Themes	/m/05cghg
clueweb12-0000tw-00-00037	WordPress	/m/0k23c
clueweb12-0000tw-00-00038	Possible	/m/03bvpq
clueweb12-0000tw-00-00038	NYSE	/m/02rz2zz
clueweb12-0000tw-00-00038	NYSE	/m/02rz2zz
clueweb12-0000tw-00-00038	Deutsche Boerse	/m/063dyk
clueweb12-0000tw-00-00038	NYSE	/m/02rz2zz
clueweb12-0000tw-00-00038	Student	/m/0fwxqd
clueweb12-0000tw-00-00038	Los Angeles Times	/m/01p06z
clueweb12-0000tw-00-00038	Ball State Daily News	/m/04y6_h5
clueweb12-0000tw-00-00038	Themes	/m/05cghg
clueweb12-0000tw-00-00038	WordPress	/m/0k23c
clueweb12-0000tw-00-00039	Possible	/m/03bvpq
clueweb12-0000tw-00-00039	NYSE	/m/02rz2zz
clueweb12-0000tw-00-00039	NYSE	/m/02rz2zz
clueweb12-0000tw-00-00039	Reuters	/m/0ps53
clueweb12-0000tw-00-00039	Student	/m/0fwxqd
clueweb12-0000tw-00-00039	Los Angeles Times	/m/01p06z
clueweb12-0000tw-00-00039	Ball State Daily News	/m/04y6_h5
clueweb12-0000tw-00-00039	Themes	/m/05cghg
clueweb12-0000tw-00-00039	WordPress	/m/0k23c
clueweb12-0000tw-00-00040	Possible	/m/03bvpq
clueweb12-0000tw-00-00040	NYSE	/m/02rz2zz
clueweb12-0000tw-00-00040	NYSE	/m/02rz2zz
clueweb12-0000tw-00-00040	Wyclef Jean	/m/02pt7h_
clueweb12-0000tw-00-00040	Student	/m/0fwxqd
clueweb12-0000tw-00-00040	Los Angeles Times	/m/01p06z
clueweb12-0000tw-00-00040	Ball State Daily News	/m/04y6_h5
clueweb12-0000tw-00-00040	Themes	/m/05cghg
clueweb12-0000tw-00-00040	WordPress	/m/0k23c
clueweb12-0000tw-00-00041	Possible	/m/03bvpq
clueweb12-0000tw-00-00041	NYSE	/m/02rz2zz
clueweb12-0000tw-00-00041	NYSE	/m/02rz2zz
clueweb12-0000tw-00-00041	William	/m/03f70xs
clueweb12-0000tw-00-00041	Guardian	/m/03gn9y
clueweb12-0000tw-00-00041	Student	/m/0fwxqd
clueweb12-0000tw-00-00041	Los Angeles Times	/m/01p06z
clueweb12-0000tw-00-00041	Ball State Daily News	/m/04y6_h5
clueweb12-0000tw-00-00041	Themes	/m/05cghg
clueweb12-0000tw-00-00041	WordPress	/m/0k23c
clueweb12-0000tw-00-00042	XML-RPC	/m/0kx02
clueweb12-0000tw-00-00043	Password	/m/027wwx1
clueweb12-0000tw-00-00045	Audio	/m/0j3glvq
clueweb12-0000tw-00-00045	Macromedia Flash	/m/058b6
clueweb12-0000tw-00-00045	Drama	/m/0fxqm
clueweb12-0000tw-00-00045	Elliot	/m/06m6p7
clueweb12-0000tw-00-00045	Cassius	/m/0bwj2n9
clueweb12-0000tw-00-00045	CCM	/m/06ys1x
clueweb12-0000tw-00-00046	User Login	/m/02pvq3t
clueweb12-0000tw-00-00046	Safari	/m/0168s_
clueweb12-0000tw-00-00046	WMV	/m/01gt3p
clueweb12-0000tw-00-00046	Windows Media	/m/086t0
clueweb12-0000tw-00-00047	Herbs & Spices	/m/06n12g_
clueweb12-0000tw-00-00047	Patty G	/m/03d68k
clueweb12-0000tw-00-00047	Cover	/m/07m6pg
clueweb12-0000tw-00-00047	Sprinkle	/m/01ml7rr
clueweb12-0000tw-00-00047	Cover	/m/07m6pg
clueweb12-0000tw-00-00047	Recipes	/m/06lj9_h
clueweb12-0000tw-00-00047	Mozzarella	/m/055w7
clueweb12-0000tw-00-00047	Herbs & Spices	/m/06n12g_
clueweb12-0000tw-00-00047	WordPress	/m/0k23c
clueweb12-0000tw-00-00048	Patty G	/m/03d68k
clueweb12-0000tw-00-00048	Chicken	/m/0f25w9
clueweb12-0000tw-00-00048	WordPress	/m/0k23c
clueweb12-0000tw-00-00049	Mix	/m/08phnr
clueweb12-0000tw-00-00049	WordPress	/m/0k23c
clueweb12-0000tw-00-00050	Cinnamon Rolls	/m/0400bw
clueweb12-0000tw-00-00050	Patty G	/m/03d68k
clueweb12-0000tw-00-00050	Cover	/m/07m6pg
clueweb12-0000tw-00-00050	Cook	/m/04zybp
clueweb12-0000tw-00-00050	Mix	/m/08phnr
clueweb12-0000tw-00-00050	Layer	/m/03hjwrn
clueweb12-0000tw-00-00050	Cover	/m/07m6pg
clueweb12-0000tw-00-00050	Recipes	/m/06lj9_h
clueweb12-0000tw-00-00050	Mozzarella	/m/055w7
clueweb12-0000tw-00-00050	Cinnamon Rolls	/m/0400bw
clueweb12-0000tw-00-00050	WordPress	/m/0k23c
clueweb12-0000tw-00-00051	Sam	/m/0202ny
clueweb12-0000tw-00-00051	Advantage	/m/03m789t
clueweb12-0000tw-00-00051	WordPress	/m/0k23c
clueweb12-0000tw-00-00052	XML-RPC	/m/0kx02
clueweb12-0000tw-00-00053	Madonna	/m/0bdxs5
clueweb12-0000tw-00-00053	Microsoft	/m/017xch
clueweb12-0000tw-00-00053	Facebook	/m/0h63jfq
clueweb12-0000tw-00-00053	RIM	/m/01y9f8
clueweb12-0000tw-00-00053	Explorer	/m/029dsq
clueweb12-0000tw-00-00053	Mint	/m/0frw0sd
clueweb12-0000tw-00-00053	Linux	/m/072fs4
clueweb12-0000tw-00-00053	Norton	/m/0c5g9y
clueweb12-0000tw-00-00053	F-Secure	/m/046nqp
clueweb12-0000tw-00-00053	SabayonLinux	/m/0b2g03
clueweb12-0000tw-00-00053	Zenwalk	/m/06y6t2
clueweb12-0000tw-00-00053	Print	/m/040ckc
clueweb12-0000tw-00-00053	Bourne	/m/04cxzzb
clueweb12-0000tw-00-00053	Matt Damon	/m/042ly5
clueweb12-0000tw-00-00053	Bourne	/m/04cxzzb
clueweb12-0000tw-00-00053	Bourne	/m/04cxzzb
clueweb12-0000tw-00-00053	Matt Damon	/m/042ly5
clueweb12-0000tw-00-00053	Tony Gilroy	/m/0blq0z
clueweb12-0000tw-00-00053	Bourne	/m/04cxzzb
clueweb12-0000tw-00-00053	Aaron Cross	/m/0hv132x
clueweb12-0000tw-00-00053	Bourne	/m/04cxzzb
clueweb12-0000tw-00-00053	FlashDisk	/m/023s_v
clueweb12-0000tw-00-00053	Microsoft	/m/017xch
clueweb12-0000tw-00-00053	Bintang	/m/026cmf1
clueweb12-0000tw-00-00053	Jodie Marsh	/m/06x_d0
clueweb12-0000tw-00-00053	Hosted	/m/0b75rms
clueweb12-0000tw-00-00054	Greyson Chance	/m/0bxzfbd
clueweb12-0000tw-00-00054	Tube	/m/04jgv
clueweb12-0000tw-00-00054	Greyson Chance	/m/0bxzfbd
clueweb12-0000tw-00-00054	Greyson	/m/0550c6
clueweb12-0000tw-00-00054	Greyson Chance	/m/0bxzfbd
clueweb12-0000tw-00-00054	Selamat	/m/0b9p8b
clueweb12-0000tw-00-00054	Tube	/m/04jgv
clueweb12-0000tw-00-00054	Greyson Chance	/m/0bxzfbd
clueweb12-0000tw-00-00054	Greyson Michael Chance	/m/0bxzfbd
clueweb12-0000tw-00-00054	Greyson	/m/0550c6
clueweb12-0000tw-00-00054	Greyson Chance	/m/0bxzfbd
clueweb12-0000tw-00-00054	Lady Gaga	/m/0478__m
clueweb12-0000tw-00-00054	Greyson	/m/0550c6
clueweb12-0000tw-00-00054	Ellen	/m/043x92
clueweb12-0000tw-00-00054	Ellen DeGeneres	/m/01gbbz
clueweb12-0000tw-00-00054	Greyson	/m/0550c6
clueweb12-0000tw-00-00054	Greyson	/m/0550c6
clueweb12-0000tw-00-00054	Ellen DeGeneres	/m/01gbbz
clueweb12-0000tw-00-00054	Interscope Records	/m/01trtc
clueweb12-0000tw-00-00054	Ellen	/m/043x92
clueweb12-0000tw-00-00054	Greyson	/m/0550c6
clueweb12-0000tw-00-00054	Tube	/m/04jgv
clueweb12-0000tw-00-00054	Yahoo	/m/05bd08
clueweb12-0000tw-00-00054	The Huffington Post	/m/0hmrpgb
clueweb12-0000tw-00-00054	Los Angeles Times	/m/01p06z
clueweb12-0000tw-00-00054	ABC World News	/m/01bnbs
clueweb12-0000tw-00-00054	David Archuleta	/m/04n6pcv
clueweb12-0000tw-00-00054	Guy Oseary	/m/0dpjz8
clueweb12-0000tw-00-00054	Madonna	/m/0bdxs5
clueweb12-0000tw-00-00054	Greyson	/m/0550c6
clueweb12-0000tw-00-00054	Cody Simpson	/m/0bxzygh
clueweb12-0000tw-00-00054	Ellen DeGeneres	/m/01gbbz
clueweb12-0000tw-00-00054	Greyson	/m/0550c6
clueweb12-0000tw-00-00054	Greyson	/m/0550c6
clueweb12-0000tw-00-00054	Greyson	/m/0550c6
clueweb12-0000tw-00-00054	Greyson	/m/0550c6
clueweb12-0000tw-00-00054	Fox	/m/0cjdk
clueweb12-0000tw-00-00054	Christina Aguilera	/m/03fh2p6
clueweb12-0000tw-00-00054	Elton John	/m/0410xb1
clueweb12-0000tw-00-00054	Lady Gaga	/m/0478__m
clueweb12-0000tw-00-00054	Greyson	/m/0550c6
clueweb12-0000tw-00-00054	Greyson Chance	/m/0bxzfbd
clueweb12-0000tw-00-00054	Tata	/m/014lk3
clueweb12-0000tw-00-00054	Retail	/m/0ccf7n
clueweb12-0000tw-00-00054	Waktu	/m/03yth0q
clueweb12-0000tw-00-00054	Method	/m/0hjx4
clueweb12-0000tw-00-00054	Anda	/m/0dkjvj
clueweb12-0000tw-00-00054	Bila	/m/0dsdyc2
clueweb12-0000tw-00-00054	Anda	/m/0dkjvj
clueweb12-0000tw-00-00054	Bila	/m/0dsdyc2
clueweb12-0000tw-00-00054	Belum	/m/03clsl1
clueweb12-0000tw-00-00054	Klik	/m/03jqzk
clueweb12-0000tw-00-00054	Candy	/m/03mf687
clueweb12-0000tw-00-00054	Manggarai	/m/043ns_7
clueweb12-0000tw-00-00055	XML-RPC	/m/0kx02
clueweb12-0000tw-00-00056	Karen Handel	/m/07y07
clueweb12-0000tw-00-00056	Planned Parenthood	/m/080bbf
clueweb12-0000tw-00-00056	Ron Paul	/m/04t_mf
clueweb12-0000tw-00-00056	MSNBC	/m/08ycj3
clueweb12-0000tw-00-00056	Spencer	/m/0146qg
clueweb12-0000tw-00-00056	Spencer	/m/0146qg
clueweb12-0000tw-00-00056	Spencer	/m/0146qg
clueweb12-0000tw-00-00056	Spencer	/m/0146qg
clueweb12-0000tw-00-00056	Ron Paul	/m/04t_mf
clueweb12-0000tw-00-00056	Spirit	/m/03qsc
clueweb12-0000tw-00-00056	Spencer	/m/0146qg
clueweb12-0000tw-00-00056	Bernie	/m/02658ms
clueweb12-0000tw-00-00056	Rhino	/m/0229rs
clueweb12-0000tw-00-00056	Spencer	/m/0146qg
clueweb12-0000tw-00-00056	Spirit	/m/03qsc
clueweb12-0000tw-00-00056	Spirit	/m/03qsc
clueweb12-0000tw-00-00056	MSNBC	/m/08ycj3
clueweb12-0000tw-00-00056	Rhinos	/m/03gbty
clueweb12-0000tw-00-00056	Spencer	/m/0146qg
clueweb12-0000tw-00-00056	RSS	/m/075x5v
clueweb12-0000tw-00-00057	Karen Handel	/m/07y07
clueweb12-0000tw-00-00057	Planned Parenthood	/m/080bbf
clueweb12-0000tw-00-00057	Yankees	/m/01_rgt
clueweb12-0000tw-00-00057	Brian Cashman	/m/04mg4t
clueweb12-0000tw-00-00057	Meanwell	/m/0fvb7c
clueweb12-0000tw-00-00057	Yankees	/m/01_rgt
clueweb12-0000tw-00-00057	Neathway	/m/01_m32
clueweb12-0000tw-00-00057	FBI	/m/02_1m
clueweb12-0000tw-00-00057	Neathway	/m/01_m32
clueweb12-0000tw-00-00057	Post	/m/03hkv8q
clueweb12-0000tw-00-00057	Neathway	/m/01_m32
clueweb12-0000tw-00-00057	Neathway	/m/01_m32
clueweb12-0000tw-00-00057	Post	/m/03hkv8q
clueweb12-0000tw-00-00057	Sano	/m/0g547k0
clueweb12-0000tw-00-00057	Louise	/m/02ls5x
clueweb12-0000tw-00-00057	Sano	/m/0g547k0
clueweb12-0000tw-00-00057	Weiner	/m/057w0f9
clueweb12-0000tw-00-00057	Yankees	/m/01_rgt
clueweb12-0000tw-00-00057	RSS	/m/075x5v
clueweb12-0000tw-00-00058	Karen Handel	/m/07y07
clueweb12-0000tw-00-00058	Planned Parenthood	/m/080bbf
clueweb12-0000tw-00-00058	Sauce	/m/0grry
clueweb12-0000tw-00-00058	Sauce	/m/0grry
clueweb12-0000tw-00-00058	Sauce	/m/0grry
clueweb12-0000tw-00-00058	Caputo	/m/01nymq1
clueweb12-0000tw-00-00058	 Sauce	/m/0grry
clueweb12-0000tw-00-00058	LIC	/m/0j26pqp
clueweb12-0000tw-00-00058	Sauce	/m/0grry
clueweb12-0000tw-00-00058	Christopher Robbins	/m/05w7jmr
clueweb12-0000tw-00-00058	Frank	/m/02_fj
clueweb12-0000tw-00-00058	Sauce	/m/0grry
clueweb12-0000tw-00-00058	Xmas	/m/0254hj
clueweb12-0000tw-00-00058	RSS	/m/075x5v
clueweb12-0000tw-00-00059	Karen Handel	/m/07y07
clueweb12-0000tw-00-00059	Planned Parenthood	/m/080bbf
clueweb12-0000tw-00-00059	Arts & Entertainment	/m/0fr7zfj
clueweb12-0000tw-00-00059	Canadian Club	/m/05pn15
clueweb12-0000tw-00-00059	RSS	/m/075x5v
clueweb12-0000tw-00-00060	Karen Handel	/m/07y07
clueweb12-0000tw-00-00060	Planned Parenthood	/m/080bbf
clueweb12-0000tw-00-00060	Good Day New York	/m/0c25yc
clueweb12-0000tw-00-00060	Greg Kelly	/m/0bl_7t
clueweb12-0000tw-00-00060	NYPD	/m/0vbzp4
clueweb12-0000tw-00-00060	Ray Kelly	/m/027sm6
clueweb12-0000tw-00-00060	Marine	/m/01q3vx
clueweb12-0000tw-00-00060	Fox	/m/0cjdk
clueweb12-0000tw-00-00060	Rosanna Scotto	/m/095ll6
clueweb12-0000tw-00-00060	Scotto	/m/021bbp
clueweb12-0000tw-00-00060	Kelly	/m/0cz4_f
clueweb12-0000tw-00-00060	Kelly	/m/0cz4_f
clueweb12-0000tw-00-00060	Rosanna Scotto	/m/095ll6
clueweb12-0000tw-00-00060	Kelly	/m/0cz4_f
clueweb12-0000tw-00-00060	Scotto	/m/021bbp
clueweb12-0000tw-00-00060	Kelly	/m/0cz4_f
clueweb12-0000tw-00-00060	Greg Kelly	/m/0bl_7t
clueweb12-0000tw-00-00060	Kelly	/m/0cz4_f
clueweb12-0000tw-00-00060	Ray Kelly	/m/027sm6
clueweb12-0000tw-00-00060	Bloomberg	/m/09pfj
clueweb12-0000tw-00-00060	Bloomberg	/m/09pfj
clueweb12-0000tw-00-00060	Kelly	/m/0cz4_f
clueweb12-0000tw-00-00060	Greg Kelly	/m/0bl_7t
clueweb12-0000tw-00-00060	Michael	/m/03j0zs9
clueweb12-0000tw-00-00060	Kelly	/m/0cz4_f
clueweb12-0000tw-00-00060	Lol	/m/04n3w2r
clueweb12-0000tw-00-00060	Bronson Pinchot	/m/01yr6t
clueweb12-0000tw-00-00060	Greg Kelly	/m/0bl_7t
clueweb12-0000tw-00-00060	Kelly	/m/0cz4_f
clueweb12-0000tw-00-00060	Rosanna Scotto	/m/095ll6
clueweb12-0000tw-00-00060	Kelly	/m/0cz4_f
clueweb12-0000tw-00-00060	Scotto	/m/021bbp
clueweb12-0000tw-00-00060	Kelly	/m/0cz4_f
clueweb12-0000tw-00-00060	Greg Kelly	/m/0bl_7t
clueweb12-0000tw-00-00060	Post	/m/03hkv8q
clueweb12-0000tw-00-00060	Greg Kelly	/m/0bl_7t
clueweb12-0000tw-00-00060	Bloomberg	/m/09pfj
clueweb12-0000tw-00-00060	Kelly	/m/0cz4_f
clueweb12-0000tw-00-00060	Linda Fairstein	/m/0bllq5
clueweb12-0000tw-00-00060	Greg Kelly	/m/0bl_7t
clueweb12-0000tw-00-00060	NYPD	/m/0vbzp4
clueweb12-0000tw-00-00060	NYPD	/m/0vbzp4
clueweb12-0000tw-00-00060	NYPD	/m/0vbzp4
clueweb12-0000tw-00-00060	RSS	/m/075x5v
clueweb12-0000tw-00-00061	Karen Handel	/m/07y07
clueweb12-0000tw-00-00061	Planned Parenthood	/m/080bbf
clueweb12-0000tw-00-00061	CBS	/m/09d5h
clueweb12-0000tw-00-00061	Cuomo	/m/02pjpd
clueweb12-0000tw-00-00061	Allison Fisher	/m/0czp9j
clueweb12-0000tw-00-00061	RSS	/m/075x5v
clueweb12-0000tw-00-00062	Karen Handel	/m/07y07
clueweb12-0000tw-00-00062	Planned Parenthood	/m/080bbf
clueweb12-0000tw-00-00062	Times	/m/05lq3q
clueweb12-0000tw-00-00062	Cathie Black	/m/0ds092t
clueweb12-0000tw-00-00062	Walcott	/m/0yqnh
clueweb12-0000tw-00-00062	NYPD	/m/0vbzp4
clueweb12-0000tw-00-00062	PEP	/m/011hwh
clueweb12-0000tw-00-00062	Walcott	/m/0yqnh
clueweb12-0000tw-00-00062	Bloomberg	/m/09pfj
clueweb12-0000tw-00-00062	Panel	/m/05c_qw
clueweb12-0000tw-00-00062	Bloomberg	/m/09pfj
clueweb12-0000tw-00-00062	Occupy	/m/0h95rc6
clueweb12-0000tw-00-00062	Roberto Clemente	/m/06ggj
clueweb12-0000tw-00-00062	Cornelius Vanderbilt	/m/02t92r
clueweb12-0000tw-00-00062	Walcott	/m/0yqnh
clueweb12-0000tw-00-00062	Shelly	/m/029b06
clueweb12-0000tw-00-00062	RSS	/m/075x5v
clueweb12-0000tw-00-00063	FOOD & WINE	/m/0b_zly
clueweb12-0000tw-00-00063	Corner	/m/0_kv9
clueweb12-0000tw-00-00063	KND	/m/0531q7x
clueweb12-0000tw-00-00063	Corner	/m/0_kv9
clueweb12-0000tw-00-00063	KND	/m/0531q7x
clueweb12-0000tw-00-00063	Journey	/m/01mbt07
clueweb12-0000tw-00-00063	Sponsor	/m/02nml7
clueweb12-0000tw-00-00063	Harry Freedman	/m/03yyyn2
clueweb12-0000tw-00-00063	Levi	/m/0j8nd
clueweb12-0000tw-00-00063	Nechama	/m/08rlq5
clueweb12-0000tw-00-00063	Nechama	/m/08rlq5
clueweb12-0000tw-00-00063	Roman	/m/06cmp
clueweb12-0000tw-00-00063	Levi	/m/0j8nd
clueweb12-0000tw-00-00063	Levi	/m/0j8nd
clueweb12-0000tw-00-00063	Journey	/m/01mbt07
clueweb12-0000tw-00-00063	Ed McMahon	/m/01nr63
clueweb12-0000tw-00-00063	Richard	/m/06g4_
clueweb12-0000tw-00-00063	Print	/m/040ckc
clueweb12-0000tw-00-00063	Harry Freedman	/m/03yyyn2
clueweb12-0000tw-00-00063	Amazon.com	/m/05j3v
clueweb12-0000tw-00-00063	Amazon	/m/0cx4p
clueweb12-0000tw-00-00063	Archives	/m/0j43k3z
clueweb12-0000tw-00-00063	Windwalker	/m/02xbzd3
clueweb12-0000tw-00-00063	Themes	/m/05cghg
clueweb12-0000tw-00-00063	WordPress	/m/0k23c
clueweb12-0000tw-00-00064	FOOD & WINE	/m/0b_zly
clueweb12-0000tw-00-00064	Corner	/m/0_kv9
clueweb12-0000tw-00-00064	KND	/m/0531q7x
clueweb12-0000tw-00-00064	Corner	/m/0_kv9
clueweb12-0000tw-00-00064	KND	/m/0531q7x
clueweb12-0000tw-00-00064	Amazon	/m/0cx4p
clueweb12-0000tw-00-00064	Emma	/m/01ms8s
clueweb12-0000tw-00-00064	Amazon	/m/0cx4p
clueweb12-0000tw-00-00064	Spirit	/m/03qsc
clueweb12-0000tw-00-00064	Bestseller	/m/0404552
clueweb12-0000tw-00-00064	Winner	/m/02ck4l
clueweb12-0000tw-00-00064	Amazon	/m/0cx4p
clueweb12-0000tw-00-00064	Print	/m/040ckc
clueweb12-0000tw-00-00064	Alert	/m/076z_h_
clueweb12-0000tw-00-00064	Amazon	/m/0cx4p
clueweb12-0000tw-00-00064	Mary Duff	/m/0cz4l
clueweb12-0000tw-00-00064	Amazon.com	/m/05j3v
clueweb12-0000tw-00-00064	Amazon	/m/0cx4p
clueweb12-0000tw-00-00064	Archives	/m/0j43k3z
clueweb12-0000tw-00-00064	Windwalker	/m/02xbzd3
clueweb12-0000tw-00-00064	Themes	/m/05cghg
clueweb12-0000tw-00-00064	WordPress	/m/0k23c
clueweb12-0000tw-00-00065	FOOD & WINE	/m/0b_zly
clueweb12-0000tw-00-00065	Corner	/m/0_kv9
clueweb12-0000tw-00-00065	KND	/m/0531q7x
clueweb12-0000tw-00-00065	Corner	/m/0_kv9
clueweb12-0000tw-00-00065	KND	/m/0531q7x
clueweb12-0000tw-00-00065	Andy Straka	/m/04n2d4p
clueweb12-0000tw-00-00065	Amazon.com	/m/05j3v
clueweb12-0000tw-00-00065	Amazon	/m/0cx4p
clueweb12-0000tw-00-00065	Roger Smith	/m/01qvx6m
clueweb12-0000tw-00-00065	Framed	/m/09_2r6
clueweb12-0000tw-00-00065	CIA	/m/01ntzd
clueweb12-0000tw-00-00065	Times	/m/05lq3q
clueweb12-0000tw-00-00065	Roger Smith	/m/01qvx6m
clueweb12-0000tw-00-00065	Liz	/m/0bvct7q
clueweb12-0000tw-00-00065	Liz	/m/0bvct7q
clueweb12-0000tw-00-00065	Liz	/m/0bvct7q
clueweb12-0000tw-00-00065	John	/m/0150p7
clueweb12-0000tw-00-00065	Liz	/m/0bvct7q
clueweb12-0000tw-00-00065	John	/m/0150p7
clueweb12-0000tw-00-00065	Liz	/m/0bvct7q
clueweb12-0000tw-00-00065	John	/m/0150p7
clueweb12-0000tw-00-00065	Alex	/m/062zr
clueweb12-0000tw-00-00065	Alex	/m/062zr
clueweb12-0000tw-00-00065	Alex	/m/062zr
clueweb12-0000tw-00-00065	Alex	/m/062zr
clueweb12-0000tw-00-00065	Winner	/m/02ck4l
clueweb12-0000tw-00-00065	Psychic	/m/05xz9
clueweb12-0000tw-00-00065	Andy Straka	/m/04n2d4p
clueweb12-0000tw-00-00065	NY Times	/m/07s52
clueweb12-0000tw-00-00065	Rick Riordan	/m/026r5yz
clueweb12-0000tw-00-00065	Print	/m/040ckc
clueweb12-0000tw-00-00065	Amazon.com	/m/05j3v
clueweb12-0000tw-00-00065	Amazon	/m/0cx4p
clueweb12-0000tw-00-00065	Archives	/m/0j43k3z
clueweb12-0000tw-00-00065	Windwalker	/m/02xbzd3
clueweb12-0000tw-00-00065	Themes	/m/05cghg
clueweb12-0000tw-00-00065	WordPress	/m/0k23c
clueweb12-0000tw-00-00066	FOOD & WINE	/m/0b_zly
clueweb12-0000tw-00-00066	Corner	/m/0_kv9
clueweb12-0000tw-00-00066	KND	/m/0531q7x
clueweb12-0000tw-00-00066	Corner	/m/0_kv9
clueweb12-0000tw-00-00066	KND	/m/0531q7x
clueweb12-0000tw-00-00066	Andy Straka	/m/04n2d4p
clueweb12-0000tw-00-00066	Amazon.com	/m/05j3v
clueweb12-0000tw-00-00066	Amazon	/m/0cx4p
clueweb12-0000tw-00-00066	Alex	/m/062zr
clueweb12-0000tw-00-00066	Alex	/m/062zr
clueweb12-0000tw-00-00066	Alex	/m/062zr
clueweb12-0000tw-00-00066	Alex	/m/062zr
clueweb12-0000tw-00-00066	Winner	/m/02ck4l
clueweb12-0000tw-00-00066	Psychic	/m/05xz9
clueweb12-0000tw-00-00066	Andy Straka	/m/04n2d4p
clueweb12-0000tw-00-00066	NY Times	/m/07s52
clueweb12-0000tw-00-00066	Rick Riordan	/m/026r5yz
clueweb12-0000tw-00-00066	Print	/m/040ckc
clueweb12-0000tw-00-00066	Amazon.com	/m/05j3v
clueweb12-0000tw-00-00066	Amazon	/m/0cx4p
clueweb12-0000tw-00-00066	Archives	/m/0j43k3z
clueweb12-0000tw-00-00066	Windwalker	/m/02xbzd3
clueweb12-0000tw-00-00066	Themes	/m/05cghg
clueweb12-0000tw-00-00066	WordPress	/m/0k23c
clueweb12-0000tw-00-00067	FOOD & WINE	/m/0b_zly
clueweb12-0000tw-00-00067	Corner	/m/0_kv9
clueweb12-0000tw-00-00067	KND	/m/0531q7x
clueweb12-0000tw-00-00067	Corner	/m/0_kv9
clueweb12-0000tw-00-00067	KND	/m/0531q7x
clueweb12-0000tw-00-00067	Amazon.com	/m/05j3v
clueweb12-0000tw-00-00067	Amazon	/m/0cx4p
clueweb12-0000tw-00-00067	Prey	/m/05th1d
clueweb12-0000tw-00-00067	Scott Nicholson	/m/09cxsj
clueweb12-0000tw-00-00067	U.S. Supreme Court	/m/07sz1
clueweb12-0000tw-00-00067	Susan Wiggs	/m/02w629j
clueweb12-0000tw-00-00067	Charlotte Whitney	/m/05ztxpz
clueweb12-0000tw-00-00067	Charlie	/m/011j44
clueweb12-0000tw-00-00067	Adam Chase	/m/0d50rv
clueweb12-0000tw-00-00067	Charlie	/m/011j44
clueweb12-0000tw-00-00067	Adam	/m/09_c5v
clueweb12-0000tw-00-00067	Adam Chase	/m/0d50rv
clueweb12-0000tw-00-00067	Charlie Whitney	/m/0c79yb
clueweb12-0000tw-00-00067	Adam	/m/09_c5v
clueweb12-0000tw-00-00067	Charlie	/m/011j44
clueweb12-0000tw-00-00067	Print	/m/040ckc
clueweb12-0000tw-00-00067	Amazon.com	/m/05j3v
clueweb12-0000tw-00-00067	Amazon	/m/0cx4p
clueweb12-0000tw-00-00067	Archives	/m/0j43k3z
clueweb12-0000tw-00-00067	Windwalker	/m/02xbzd3
clueweb12-0000tw-00-00067	Themes	/m/05cghg
clueweb12-0000tw-00-00067	WordPress	/m/0k23c
clueweb12-0000tw-00-00068	XML-RPC	/m/0kx02
clueweb12-0000tw-00-00069	Magick	/m/01p_02
clueweb12-0000tw-00-00069	Craft	/m/037wh
clueweb12-0000tw-00-00069	Classes	/m/07714
clueweb12-0000tw-00-00069	Daniel Jones	/m/02d95
clueweb12-0000tw-00-00069	Priest	/m/0grywp
clueweb12-0000tw-00-00069	Yola	/m/03ssxc
clueweb12-0000tw-00-00070	Arthur II	/m/05tz0y
clueweb12-0000tw-00-00070	The Quality of Life	/m/04w83x7
clueweb12-0000tw-00-00070	Shurikens	/m/011j2w
clueweb12-0000tw-00-00070	Netflix	/m/02878fc
clueweb12-0000tw-00-00070	Rocksteady	/m/017vvvr
clueweb12-0000tw-00-00070	Hill	/m/05t0mr1
clueweb12-0000tw-00-00070	Hill	/m/05t0mr1
clueweb12-0000tw-00-00070	Arthur II	/m/05tz0y
clueweb12-0000tw-00-00070	Arthur II	/m/05tz0y
clueweb12-0000tw-00-00070	Arthur	/m/01nbg8
clueweb12-0000tw-00-00070	Arthur II	/m/05tz0y
clueweb12-0000tw-00-00070	Ed	/m/08hr_l
clueweb12-0000tw-00-00070	Piki	/m/0d20b6
clueweb12-0000tw-00-00070	Geek	/m/01ws5
clueweb12-0000tw-00-00070	Team Ico	/m/02pvg7d
clueweb12-0000tw-00-00070	Fumito Ueda	/m/08mljy
clueweb12-0000tw-00-00070	Sony	/m/02x8rd
clueweb12-0000tw-00-00070	Studios	/m/05qd_
clueweb12-0000tw-00-00070	Shuhei Yoshida	/m/0h6730v
clueweb12-0000tw-00-00070	Sony	/m/02x8rd
clueweb12-0000tw-00-00070	Ben Chapman	/m/03qffpg
clueweb12-0000tw-00-00070	Juliet	/m/064vr0
clueweb12-0000tw-00-00070	Lollipop Chainsaw	/m/0h1gty3
clueweb12-0000tw-00-00070	Juliet	/m/064vr0
clueweb12-0000tw-00-00070	Juliet	/m/064vr0
clueweb12-0000tw-00-00070	Juliet	/m/064vr0
clueweb12-0000tw-00-00070	Nick	/m/0b34nm
clueweb12-0000tw-00-00070	Amnesia	/m/09g9srb
clueweb12-0000tw-00-00070	The Dark Descent	/m/0gkc927
clueweb12-0000tw-00-00070	Google Maps	/m/055t58
clueweb12-0000tw-00-00070	Rock Paper Shotgun	/m/06wc8qr
clueweb12-0000tw-00-00070	BioWare	/m/0j2c3
clueweb12-0000tw-00-00070	BioWare	/m/0j2c3
clueweb12-0000tw-00-00070	The Quality of Life	/m/04w83x7
clueweb12-0000tw-00-00070	Shurikens	/m/011j2w
clueweb12-0000tw-00-00070	Arthur II	/m/05tz0y
clueweb12-0000tw-00-00070	Time	/m/0ftmfpt
clueweb12-0000tw-00-00070	Launch	/m/02bls7
clueweb12-0000tw-00-00070	Touch	/m/0dxjwt1
clueweb12-0000tw-00-00070	Skyrim	/m/05z_9ch
clueweb12-0000tw-00-00070	Starhawk	/m/0gtwc_j
clueweb12-0000tw-00-00070	Skyrim	/m/05z_9ch
clueweb12-0000tw-00-00070	Casual	/m/0b1vjn
clueweb12-0000tw-00-00070	The Quality of Life	/m/04w83x7
clueweb12-0000tw-00-00070	Ju	/m/0mc_qn
clueweb12-0000tw-00-00071	Law	/m/0ds7jw
clueweb12-0000tw-00-00071	SEO	/m/0j51l_0
clueweb12-0000tw-00-00071	Amazon	/m/0cx4p
clueweb12-0000tw-00-00071	Amazon	/m/0cx4p
clueweb12-0000tw-00-00071	Noble	/m/03p2sx9
clueweb12-0000tw-00-00071	Apple	/m/0gz0jd
clueweb12-0000tw-00-00071	iPad	/m/0j30q9x
clueweb12-0000tw-00-00071	iPad	/m/0j30q9x
clueweb12-0000tw-00-00071	Piki	/m/0d20b6
clueweb12-0000tw-00-00071	Geek	/m/01ws5
clueweb12-0000tw-00-00071	Microsoft	/m/017xch
clueweb12-0000tw-00-00071	Ebert	/m/0jkxx9l
clueweb12-0000tw-00-00071	Google	/m/0dm258
clueweb12-0000tw-00-00071	SEO	/m/0j51l_0
clueweb12-0000tw-00-00071	The Quality of Life	/m/04w83x7
clueweb12-0000tw-00-00071	Shurikens	/m/011j2w
clueweb12-0000tw-00-00071	Arthur II	/m/05tz0y
clueweb12-0000tw-00-00071	Time	/m/0ftmfpt
clueweb12-0000tw-00-00071	Launch	/m/02bls7
clueweb12-0000tw-00-00071	Touch	/m/0dxjwt1
clueweb12-0000tw-00-00071	Skyrim	/m/05z_9ch
clueweb12-0000tw-00-00071	Starhawk	/m/0gtwc_j
clueweb12-0000tw-00-00071	Skyrim	/m/05z_9ch
clueweb12-0000tw-00-00071	Casual	/m/0b1vjn
clueweb12-0000tw-00-00071	The Quality of Life	/m/04w83x7
clueweb12-0000tw-00-00071	Ju	/m/0mc_qn
clueweb12-0000tw-00-00072	Piki	/m/0d20b6
clueweb12-0000tw-00-00072	Geek	/m/01ws5
clueweb12-0000tw-00-00072	The Quality of Life	/m/04w83x7
clueweb12-0000tw-00-00072	Shurikens	/m/011j2w
clueweb12-0000tw-00-00072	Arthur II	/m/05tz0y
clueweb12-0000tw-00-00072	Time	/m/0ftmfpt
clueweb12-0000tw-00-00072	Launch	/m/02bls7
clueweb12-0000tw-00-00072	Remedy	/m/028r0c
clueweb12-0000tw-00-00072	Skyrim	/m/05z_9ch
clueweb12-0000tw-00-00072	Starhawk	/m/0gtwc_j
clueweb12-0000tw-00-00072	Skyrim	/m/05z_9ch
clueweb12-0000tw-00-00072	Arthur II	/m/05tz0y
clueweb12-0000tw-00-00072	Casual	/m/0b1vjn
clueweb12-0000tw-00-00072	The Quality of Life	/m/04w83x7
clueweb12-0000tw-00-00072	Ju	/m/0mc_qn
clueweb12-0000tw-00-00073	X360	/m/04ljgn_
clueweb12-0000tw-00-00073	Catherine	/m/03x41h
clueweb12-0000tw-00-00073	PS2	/m/02plp2
clueweb12-0000tw-00-00073	DLC	/m/05zm2s
clueweb12-0000tw-00-00073	Catherine	/m/03x41h
clueweb12-0000tw-00-00073	Katherine	/m/015m_9
clueweb12-0000tw-00-00073	Catherine	/m/03x41h
clueweb12-0000tw-00-00073	Daxter Collection	/m/0h_bjk7
clueweb12-0000tw-00-00073	The Simpsons Arcade Game	/m/0401_3
clueweb12-0000tw-00-00073	Burns	/m/04123z5
clueweb12-0000tw-00-00073	Maggie	/m/03_wpf
clueweb12-0000tw-00-00073	Jak 3	/m/0523v3
clueweb12-0000tw-00-00073	Shank 2	/m/0js_xxf
clueweb12-0000tw-00-00073	Ultimate Marvel	/m/030ls6
clueweb12-0000tw-00-00073	Kingdoms Of Amalur	/m/0cm992v
clueweb12-0000tw-00-00073	Kingdoms Of Amalur	/m/0cm992v
clueweb12-0000tw-00-00073	Kingdoms Of Amalur	/m/0cm992v
clueweb12-0000tw-00-00073	Noel	/m/0pch120
clueweb12-0000tw-00-00073	UFC	/m/0fyxd0
clueweb12-0000tw-00-00073	Alistair Overeem	/m/04ydzkm
clueweb12-0000tw-00-00073	Lego Harry Potter	/m/0c_rrf
clueweb12-0000tw-00-00073	UFC	/m/0fyxd0
clueweb12-0000tw-00-00073	Tango Down	/m/07kgg00
clueweb12-0000tw-00-00073	PSP	/m/02x8rd
clueweb12-0000tw-00-00073	PSP	/m/02x8rd
clueweb12-0000tw-00-00073	Trailer	/m/078my
clueweb12-0000tw-00-00073	Undisputed 3	/m/03qlw2h
clueweb12-0000tw-00-00073	UFC	/m/0fyxd0
clueweb12-0000tw-00-00073	Trailer	/m/078my
clueweb12-0000tw-00-00073	Undisputed 3	/m/03qlw2h
clueweb12-0000tw-00-00073	UFC	/m/0fyxd0
clueweb12-0000tw-00-00073	House	/m/05s1bw
clueweb12-0000tw-00-00073	The Quality of Life	/m/04w83x7
clueweb12-0000tw-00-00073	Shurikens	/m/011j2w
clueweb12-0000tw-00-00073	Arthur II	/m/05tz0y
clueweb12-0000tw-00-00073	Time	/m/0ftmfpt
clueweb12-0000tw-00-00073	Launch	/m/02bls7
clueweb12-0000tw-00-00073	Remedy	/m/028r0c
clueweb12-0000tw-00-00073	Skyrim	/m/05z_9ch
clueweb12-0000tw-00-00073	Starhawk	/m/0gtwc_j
clueweb12-0000tw-00-00073	Skyrim	/m/05z_9ch
clueweb12-0000tw-00-00073	Arthur II	/m/05tz0y
clueweb12-0000tw-00-00073	Casual	/m/0b1vjn
clueweb12-0000tw-00-00073	The Quality of Life	/m/04w83x7
clueweb12-0000tw-00-00073	Ju	/m/0mc_qn
clueweb12-0000tw-00-00074	DOTA	/m/0ds72z0
clueweb12-0000tw-00-00074	Valve	/m/04pqs2
clueweb12-0000tw-00-00074	DOTA	/m/0ds72z0
clueweb12-0000tw-00-00074	RTS	/m/03c01z
clueweb12-0000tw-00-00074	Valve	/m/04pqs2
clueweb12-0000tw-00-00074	DOTA	/m/0ds72z0
clueweb12-0000tw-00-00074	DOTA	/m/0ds72z0
clueweb12-0000tw-00-00074	Blizzard	/m/021fdl
clueweb12-0000tw-00-00074	DOTA	/m/0ds72z0
clueweb12-0000tw-00-00074	Warcraft	/m/0hr0w
clueweb12-0000tw-00-00074	Program	/m/092n1p
clueweb12-0000tw-00-00074	Blizzard	/m/021fdl
clueweb12-0000tw-00-00074	Blizzard	/m/021fdl
clueweb12-0000tw-00-00074	Valve	/m/04pqs2
clueweb12-0000tw-00-00074	Valve	/m/04pqs2
clueweb12-0000tw-00-00074	Valve	/m/04pqs2
clueweb12-0000tw-00-00074	The Quality of Life	/m/04w83x7
clueweb12-0000tw-00-00074	Shurikens	/m/011j2w
clueweb12-0000tw-00-00074	Arthur II	/m/05tz0y
clueweb12-0000tw-00-00074	Time	/m/0ftmfpt
clueweb12-0000tw-00-00074	Launch	/m/02bls7
clueweb12-0000tw-00-00074	Touch	/m/0dxjwt1
clueweb12-0000tw-00-00074	Skyrim	/m/05z_9ch
clueweb12-0000tw-00-00074	Starhawk	/m/0gtwc_j
clueweb12-0000tw-00-00074	Skyrim	/m/05z_9ch
clueweb12-0000tw-00-00074	Casual	/m/0b1vjn
clueweb12-0000tw-00-00074	The Quality of Life	/m/04w83x7
clueweb12-0000tw-00-00074	Ju	/m/0mc_qn
clueweb12-0000tw-00-00075	Amnesia	/m/09g9srb
clueweb12-0000tw-00-00075	The Dark Descent	/m/0gkc927
clueweb12-0000tw-00-00075	Google Maps	/m/055t58
clueweb12-0000tw-00-00075	Rock Paper Shotgun	/m/06wc8qr
clueweb12-0000tw-00-00075	DLC	/m/05zm2s
clueweb12-0000tw-00-00075	Amnesia	/m/09g9srb
clueweb12-0000tw-00-00075	Amnesia	/m/09g9srb
clueweb12-0000tw-00-00075	Minecraft	/m/0j3d5yr
clueweb12-0000tw-00-00075	Amnesia	/m/09g9srb
clueweb12-0000tw-00-00075	The Quality of Life	/m/04w83x7
clueweb12-0000tw-00-00075	Shurikens	/m/011j2w
clueweb12-0000tw-00-00075	Arthur II	/m/05tz0y
clueweb12-0000tw-00-00075	Time	/m/0ftmfpt
clueweb12-0000tw-00-00075	Launch	/m/02bls7
clueweb12-0000tw-00-00075	Remedy	/m/028r0c
clueweb12-0000tw-00-00075	Skyrim	/m/05z_9ch
clueweb12-0000tw-00-00075	Starhawk	/m/0gtwc_j
clueweb12-0000tw-00-00075	Skyrim	/m/05z_9ch
clueweb12-0000tw-00-00075	Arthur II	/m/05tz0y
clueweb12-0000tw-00-00075	Casual	/m/0b1vjn
clueweb12-0000tw-00-00075	The Quality of Life	/m/04w83x7
clueweb12-0000tw-00-00075	Ju	/m/0mc_qn
clueweb12-0000tw-00-00076	Modern Warfare	/m/05l3mj
clueweb12-0000tw-00-00076	Launch	/m/02bls7
clueweb12-0000tw-00-00076	The Quality of Life	/m/04w83x7
clueweb12-0000tw-00-00076	Shurikens	/m/011j2w
clueweb12-0000tw-00-00076	Arthur II	/m/05tz0y
clueweb12-0000tw-00-00076	Time	/m/0ftmfpt
clueweb12-0000tw-00-00076	Launch	/m/02bls7
clueweb12-0000tw-00-00076	Touch	/m/0dxjwt1
clueweb12-0000tw-00-00076	Skyrim	/m/05z_9ch
clueweb12-0000tw-00-00076	Starhawk	/m/0gtwc_j
clueweb12-0000tw-00-00076	Skyrim	/m/05z_9ch
clueweb12-0000tw-00-00076	Casual	/m/0b1vjn
clueweb12-0000tw-00-00076	The Quality of Life	/m/04w83x7
clueweb12-0000tw-00-00076	Ju	/m/0mc_qn
clueweb12-0000tw-00-00077	BioWare	/m/0j2c3
clueweb12-0000tw-00-00077	BioWare	/m/0j2c3
clueweb12-0000tw-00-00077	Build	/m/04mltm
clueweb12-0000tw-00-00077	Shepard	/m/016yzz
clueweb12-0000tw-00-00077	Kayne	/m/040cf
clueweb12-0000tw-00-00077	Renegade	/m/0dtpj1
clueweb12-0000tw-00-00077	Roles	/m/0btsn
clueweb12-0000tw-00-00077	The Quality of Life	/m/04w83x7
clueweb12-0000tw-00-00077	Shurikens	/m/011j2w
clueweb12-0000tw-00-00077	Arthur II	/m/05tz0y
clueweb12-0000tw-00-00077	Time	/m/0ftmfpt
clueweb12-0000tw-00-00077	Launch	/m/02bls7
clueweb12-0000tw-00-00077	Touch	/m/0dxjwt1
clueweb12-0000tw-00-00077	Skyrim	/m/05z_9ch
clueweb12-0000tw-00-00077	Starhawk	/m/0gtwc_j
clueweb12-0000tw-00-00077	Skyrim	/m/05z_9ch
clueweb12-0000tw-00-00077	Casual	/m/0b1vjn
clueweb12-0000tw-00-00077	The Quality of Life	/m/04w83x7
clueweb12-0000tw-00-00077	Ju	/m/0mc_qn
clueweb12-0000tw-00-00078	XML-RPC	/m/0kx02
clueweb12-0000tw-00-00079	Followers	/m/09ns1f
clueweb12-0000tw-00-00079	Followers	/m/09ns1f
clueweb12-0000tw-00-00079	Common	/m/01l_z
clueweb12-0000tw-00-00079	Jockeys	/m/014n9l
clueweb12-0000tw-00-00079	Common	/m/01l_z
clueweb12-0000tw-00-00079	Jockeys	/m/014n9l
clueweb12-0000tw-00-00079	Common	/m/01l_z
clueweb12-0000tw-00-00079	Jockeys	/m/014n9l
clueweb12-0000tw-00-00079	Aileen Lee	/m/02h67t_
clueweb12-0000tw-00-00080	Hue	/m/0h7kp
clueweb12-0000tw-00-00080	Billings	/m/05c8jg
clueweb12-0000tw-00-00080	UX	/m/05bxld
clueweb12-0000tw-00-00080	Gray	/m/0p81w
clueweb12-0000tw-00-00080	Graphic Design	/m/03c31
clueweb12-0000tw-00-00080	Wasim	/m/02q4pls
clueweb12-0000tw-00-00080	Ismail	/m/01ghr4
clueweb12-0000tw-00-00080	Wasim	/m/02q4pls
clueweb12-0000tw-00-00080	Adobe	/m/01cyrg
clueweb12-0000tw-00-00080	RGB	/m/01q9rr
clueweb12-0000tw-00-00080	Red Green Blue	/m/06g_5
clueweb12-0000tw-00-00081	Robert Cialdini	/m/03b3jv
clueweb12-0000tw-00-00081	Cialdini	/m/03b3jv
clueweb12-0000tw-00-00081	Jane	/m/0h1mt
clueweb12-0000tw-00-00081	Jane	/m/0h1mt
clueweb12-0000tw-00-00081	ROI	/m/0h3p28z
clueweb12-0000tw-00-00081	Jane	/m/0h1mt
clueweb12-0000tw-00-00081	Jane	/m/0h1mt
clueweb12-0000tw-00-00081	Jane	/m/0h1mt
clueweb12-0000tw-00-00081	Jane	/m/0h1mt
clueweb12-0000tw-00-00081	Company	/m/074rdk
clueweb12-0000tw-00-00081	Jane	/m/0h1mt
clueweb12-0000tw-00-00081	Jane	/m/0h1mt
clueweb12-0000tw-00-00081	Jane	/m/0h1mt
clueweb12-0000tw-00-00081	Jane	/m/0h1mt
clueweb12-0000tw-00-00081	Jane	/m/0h1mt
clueweb12-0000tw-00-00081	Jane	/m/0h1mt
clueweb12-0000tw-00-00082	Greed	/m/06w8nwh
clueweb12-0000tw-00-00082	Financial Times	/m/0bsrlb
clueweb12-0000tw-00-00082	Forbes	/m/01r2lw
clueweb12-0000tw-00-00082	Forbes	/m/01r2lw
clueweb12-0000tw-00-00082	Greed	/m/06w8nwh
clueweb12-0000tw-00-00082	Sweepstakes	/m/08y_m6
clueweb12-0000tw-00-00082	Brad Pitt	/m/0mdqp
clueweb12-0000tw-00-00082	Common	/m/01l_z
clueweb12-0000tw-00-00082	Jockeys	/m/014n9l
clueweb12-0000tw-00-00082	CopyBot	/m/026ldj4
clueweb12-0000tw-00-00083	Google	/m/0dm258
clueweb12-0000tw-00-00083	RSS	/m/075x5v
clueweb12-0000tw-00-00083	Joseph	/m/0f4gpf
clueweb12-0000tw-00-00083	SEO	/m/0j51l_0
clueweb12-0000tw-00-00083	WordPress	/m/0k23c
clueweb12-0000tw-00-00083	WordPress	/m/0k23c
clueweb12-0000tw-00-00083	Harsh	/m/0m0fw
clueweb12-0000tw-00-00083	Gajanan	/m/0k7j6n
clueweb12-0000tw-00-00083	WP	/m/0gwyq6g
clueweb12-0000tw-00-00083	PMA	/m/0f70sc
clueweb12-0000tw-00-00084	Amazon	/m/0cx4p
clueweb12-0000tw-00-00084	Amazon.com	/m/05j3v
clueweb12-0000tw-00-00084	Amazon.com	/m/05j3v
clueweb12-0000tw-00-00084	Amazon	/m/0cx4p
clueweb12-0000tw-00-00084	iPhone	/m/0cc7py7
clueweb12-0000tw-00-00084	Amazon	/m/0cx4p
clueweb12-0000tw-00-00084	Amazon	/m/0cx4p
clueweb12-0000tw-00-00084	Amazon	/m/0cx4p
clueweb12-0000tw-00-00084	Graphics	/m/05xkk1
clueweb12-0000tw-00-00084	Keller	/m/03ppx
clueweb12-0000tw-00-00084	Amazon.com	/m/05j3v
clueweb12-0000tw-00-00084	Amazon	/m/0cx4p
clueweb12-0000tw-00-00084	Amazon	/m/0cx4p
clueweb12-0000tw-00-00084	Angela Jones	/m/09kcym
clueweb12-0000tw-00-00084	Amazon	/m/0cx4p
clueweb12-0000tw-00-00084	Amazon	/m/0cx4p
clueweb12-0000tw-00-00084	Amazon	/m/0cx4p
clueweb12-0000tw-00-00084	Amazon	/m/0cx4p
clueweb12-0000tw-00-00084	Amazon	/m/0cx4p
clueweb12-0000tw-00-00084	Christoper Lee	/m/0f0kz
clueweb12-0000tw-00-00084	Cart	/m/019plg
clueweb12-0000tw-00-00084	Amazon	/m/0cx4p
clueweb12-0000tw-00-00084	iPhone	/m/0cc7py7
clueweb12-0000tw-00-00084	Amazon	/m/0cx4p
clueweb12-0000tw-00-00084	Amazon	/m/0cx4p
clueweb12-0000tw-00-00084	Amazon	/m/0cx4p
clueweb12-0000tw-00-00084	CTA	/m/05b1f9t
clueweb12-0000tw-00-00084	Search Engine Watch	/m/07plpz
clueweb12-0000tw-00-00084	Amazon	/m/0cx4p
clueweb12-0000tw-00-00084	Amazon	/m/0cx4p
clueweb12-0000tw-00-00084	Amazon	/m/0cx4p
clueweb12-0000tw-00-00084	iPhone	/m/0cc7py7
clueweb12-0000tw-00-00084	iPhone	/m/0cc7py7
clueweb12-0000tw-00-00084	Amazon	/m/0cx4p
clueweb12-0000tw-00-00084	Amazon	/m/0cx4p
clueweb12-0000tw-00-00085	GOP	/m/02r8f9v
clueweb12-0000tw-00-00085	GOP	/m/02r8f9v
clueweb12-0000tw-00-00085	Romney	/m/02wvk7d
clueweb12-0000tw-00-00085	Romney	/m/02wvk7d
clueweb12-0000tw-00-00085	Romney	/m/02wvk7d
clueweb12-0000tw-00-00085	Facebook	/m/0h63jfq
clueweb12-0000tw-00-00085	Gingrich	/m/018fzs
clueweb12-0000tw-00-00085	Gingrich	/m/018fzs
clueweb12-0000tw-00-00085	WordPress	/m/0k23c
clueweb12-0000tw-00-00085	Paul	/m/02rbgnh
clueweb12-0000tw-00-00085	Ron Paul	/m/04t_mf
clueweb12-0000tw-00-00085	Paul	/m/02rbgnh
clueweb12-0000tw-00-00085	Rick Santorum	/m/01lm85
clueweb12-0000tw-00-00085	Santorum	/m/01fgd3
clueweb12-0000tw-00-00085	GOP	/m/02r8f9v
clueweb12-0000tw-00-00085	John Huntsman	/m/01fgd3
clueweb12-0000tw-00-00085	Rick Perry	/m/01fgd3
clueweb12-0000tw-00-00085	Herman Cain	/m/01xdf5
clueweb12-0000tw-00-00085	SEO	/m/0j51l_0
clueweb12-0000tw-00-00085	GOP	/m/02r8f9v
clueweb12-0000tw-00-00085	Post	/m/03hkv8q
clueweb12-0000tw-00-00086	Save	/m/04ndp7
clueweb12-0000tw-00-00086	HootSuite	/m/080chm5
clueweb12-0000tw-00-00086	Search	/m/02wvbrv
clueweb12-0000tw-00-00086	Search	/m/02wvbrv
clueweb12-0000tw-00-00086	HootSuite	/m/080chm5
clueweb12-0000tw-00-00086	CST	/m/02pvzl
clueweb12-0000tw-00-00086	Hashtag	/m/0hqzjr0
clueweb12-0000tw-00-00086	Influential	/m/026cl_m
clueweb12-0000tw-00-00086	Robin	/m/0m5th
clueweb12-0000tw-00-00086	Google Analytics	/m/0c419bs
clueweb12-0000tw-00-00086	Template	/m/015ywn
clueweb12-0000tw-00-00088	Continental	/m/04_1l0v
clueweb12-0000tw-00-00088	Continental	/m/04_1l0v
clueweb12-0000tw-00-00088	HNL	/m/01n5fw
clueweb12-0000tw-00-00088	IAD	/m/0842b
clueweb12-0000tw-00-00088	IAD	/m/0842b
clueweb12-0000tw-00-00088	SWU	/m/04gkgm4
clueweb12-0000tw-00-00088	HNL	/m/01n5fw
clueweb12-0000tw-00-00088	FRA	/m/0690dn
clueweb12-0000tw-00-00088	RPU	/m/05ywlz
clueweb12-0000tw-00-00088	IMHO	/m/07zk65
clueweb12-0000tw-00-00088	Continental	/m/04_1l0v
clueweb12-0000tw-00-00089	Continental	/m/04_1l0v
clueweb12-0000tw-00-00089	Continental	/m/04_1l0v
clueweb12-0000tw-00-00089	HNL	/m/01n5fw
clueweb12-0000tw-00-00089	IAD	/m/0842b
clueweb12-0000tw-00-00089	IAD	/m/0842b
clueweb12-0000tw-00-00089	SWU	/m/04gkgm4
clueweb12-0000tw-00-00089	HNL	/m/01n5fw
clueweb12-0000tw-00-00089	FRA	/m/0690dn
clueweb12-0000tw-00-00089	RPU	/m/05ywlz
clueweb12-0000tw-00-00089	IMHO	/m/07zk65
clueweb12-0000tw-00-00089	Continental	/m/04_1l0v
clueweb12-0000tw-00-00090	Facebook	/m/0h63jfq
clueweb12-0000tw-00-00090	Hunter Burgan	/m/01v__yw
clueweb12-0000tw-00-00090	Bowyer	/m/02pz9s1
clueweb12-0000tw-00-00090	Search	/m/02wvbrv
clueweb12-0000tw-00-00090	TechCrunch	/m/0d2tlb
clueweb12-0000tw-00-00091	FSI	/m/06cdnk
clueweb12-0000tw-00-00091	K	/m/083cgg
clueweb12-0000tw-00-00091	TX	/m/01vrwl
clueweb12-0000tw-00-00091	PX	/m/0hk_b
clueweb12-0000tw-00-00091	CC	/m/06ht2y
clueweb12-0000tw-00-00091	C7	/m/02dkp3
clueweb12-0000tw-00-00091	LHB	/m/011wfk
clueweb12-0000tw-00-00091	QS	/m/02rqf7k
clueweb12-0000tw-00-00091	C7	/m/02dkp3
clueweb12-0000tw-00-00091	C7	/m/02dkp3
clueweb12-0000tw-00-00091	PP	/m/01cnhn
clueweb12-0000tw-00-00091	FSI	/m/06cdnk
clueweb12-0000tw-00-00091	FontShop International	/m/07k46kb
clueweb12-0000tw-00-00091	Build	/m/04mltm
clueweb12-0000tw-00-00091	FSI FontShop International	/m/07k46kb
clueweb12-0000tw-00-00091	Build	/m/04mltm
clueweb12-0000tw-00-00091	M2	/m/04q02p
clueweb12-0000tw-00-00091	FSI	/m/06cdnk
